{
    "30_min_intervals": {
        "mean_change": 0.00022125111100171092,
        "std_dev_change": 0.0052310802961457745,
        "percentiles": {
            "10th": -0.0037587674596355923,
            "90th": 0.004433235900864708,
            "extremes": {
                "5th_percentile": -0.005574519790989018,
                "95th_percentile": 0.007545395006796162
            }
        }
    },
    "daily_changes": {
        "mean_change": 0.002067928405835667,
        "std_dev_change": 0.014679240023331147,
        "percentiles": {
            "10th": -0.016529615983749302,
            "90th": 0.016746398499923543,
            "extremes": {
                "5th_percentile": -0.02219037845048316,
                "95th_percentile": 0.01962240334920623
            }
        }
    },
    "weekly_changes": {
        "mean_change": 0.01518894997547853,
        "std_dev_change": 0.03681936069226127,
        "percentiles": {
            "10th": -0.026707512936141153,
            "90th": 0.07159844638944755,
            "extremes": {
                "5th_percentile": -0.02732020050192051,
                "95th_percentile": 0.07669829327293762
            }
        }
    }
}