{
    "30_min_intervals": {
        "mean_change": -9.15009903224734e-05,
        "std_dev_change": 0.004581224463816362,
        "percentiles": {
            "10th": -0.003523668846476613,
            "90th": 0.003619510397397141,
            "extremes": {
                "5th_percentile": -0.00596716066621552,
                "95th_percentile": 0.005384930892468894
            }
        }
    },
    "daily_changes": {
        "mean_change": -0.000834522002210599,
        "std_dev_change": 0.013055755720955752,
        "percentiles": {
            "10th": -0.016998782580351368,
            "90th": 0.010917484532524835,
            "extremes": {
                "5th_percentile": -0.023810754915118942,
                "95th_percentile": 0.017428328350232114
            }
        }
    },
    "weekly_changes": {
        "mean_change": -0.005522283591206332,
        "std_dev_change": 0.028876883436858954,
        "percentiles": {
            "10th": -0.03865388421701747,
            "90th": 0.015226884372273332,
            "extremes": {
                "5th_percentile": -0.048966996963349003,
                "95th_percentile": 0.029462353321027257
            }
        }
    }
}