{
    "30_min_intervals": {
        "mean_change": -3.160406942094905e-05,
        "std_dev_change": 0.003731605877944382,
        "percentiles": {
            "10th": -0.0032715183991814723,
            "90th": 0.0030371043185776006,
            "extremes": {
                "5th_percentile": -0.005451167770426235,
                "95th_percentile": 0.004536798425569085
            }
        }
    },
    "daily_changes": {
        "mean_change": -0.0002733715103756684,
        "std_dev_change": 0.01074154936299413,
        "percentiles": {
            "10th": -0.010839326307515218,
            "90th": 0.012650360778913794,
            "extremes": {
                "5th_percentile": -0.023566320716429362,
                "95th_percentile": 0.01643576070491748
            }
        }
    },
    "weekly_changes": {
        "mean_change": -0.0018209953443989828,
        "std_dev_change": 0.03194205657640813,
        "percentiles": {
            "10th": -0.036509813479027965,
            "90th": 0.04266967574901664,
            "extremes": {
                "5th_percentile": -0.03818490251491048,
                "95th_percentile": 0.0440889888921584
            }
        }
    }
}